gene	disease	source	effect	comment 
ACOT11	asthma	Bigler et al. 2016	up	Blood asthma signture, corrected for OCS use
ACSL1	asthma	Bigler et al. 2016	up	Blood asthma signture, corrected for OCS use
ACTB	asthma	Bigler et al. 2016	up	Blood asthma signture, corrected for OCS use
ADAM8	asthma	Bigler et al. 2016	up	Blood asthma signture, corrected for OCS use
ADORA3	asthma	Bigler et al. 2016	up	Blood asthma signture, corrected for OCS use
AK2	asthma	Bigler et al. 2016	up	Blood asthma signture, corrected for OCS use
ALAS1	asthma	Bigler et al. 2016	up	Blood asthma signture, corrected for OCS use
ALOX5	asthma	Bigler et al. 2016	up	Blood asthma signture, corrected for OCS use
AMPD3	asthma	Bigler et al. 2016	up	Blood asthma signture, corrected for OCS use
ANXA3	asthma	Bigler et al. 2016	up	Blood asthma signture, corrected for OCS use
ARG1	asthma	Bigler et al. 2016	up	Blood asthma signture, corrected for OCS use
ARHGAP26	asthma	Bigler et al. 2016	up	Blood asthma signture, corrected for OCS use
ARSB	asthma	Bigler et al. 2016	up	Blood asthma signture, corrected for OCS use
ASAP1	asthma	Bigler et al. 2016	up	Blood asthma signture, corrected for OCS use
ASRGL1	asthma	Bigler et al. 2016	up	Blood asthma signture, corrected for OCS use
ATP5J2	asthma	Bigler et al. 2016	up	Blood asthma signture, corrected for OCS use
ATP6	asthma	Bigler et al. 2016	up	Blood asthma signture, corrected for OCS use
ATP6V0E1	asthma	Bigler et al. 2016	up	Blood asthma signture, corrected for OCS use
B2M	asthma	Bigler et al. 2016	up	Blood asthma signture, corrected for OCS use
BHLHE40	asthma	Bigler et al. 2016	up	Blood asthma signture, corrected for OCS use
BID	asthma	Bigler et al. 2016	up	Blood asthma signture, corrected for OCS use
BIRC6	asthma	Bigler et al. 2016	up	Blood asthma signture, corrected for OCS use
BPI	asthma	Bigler et al. 2016	up	Blood asthma signture, corrected for OCS use
BRK1	asthma	Bigler et al. 2016	up	Blood asthma signture, corrected for OCS use
BTG4	asthma	Bigler et al. 2016	up	Blood asthma signture, corrected for OCS use
C19orf59	asthma	Bigler et al. 2016	up	Blood asthma signture, corrected for OCS use
C9orf85	asthma	Bigler et al. 2016	up	Blood asthma signture, corrected for OCS use
CACNG8	asthma	Bigler et al. 2016	up	Blood asthma signture, corrected for OCS use
CAMP	asthma	Bigler et al. 2016	up	Blood asthma signture, corrected for OCS use
CAP1	asthma	Bigler et al. 2016	up	Blood asthma signture, corrected for OCS use
CARD16	asthma	Bigler et al. 2016	up	Blood asthma signture, corrected for OCS use
CAT	asthma	Bigler et al. 2016	up	Blood asthma signture, corrected for OCS use
CCL14	asthma	Bigler et al. 2016	up	Blood asthma signture, corrected for OCS use
CCL23	asthma	Bigler et al. 2016	up	Blood asthma signture, corrected for OCS use
CCNYL1	asthma	Bigler et al. 2016	up	Blood asthma signture, corrected for OCS use
CCPG1	asthma	Bigler et al. 2016	up	Blood asthma signture, corrected for OCS use
CD24	asthma	Bigler et al. 2016	up	Blood asthma signture, corrected for OCS use
CD36	asthma	Bigler et al. 2016	up	Blood asthma signture, corrected for OCS use
CDC42SE1	asthma	Bigler et al. 2016	up	Blood asthma signture, corrected for OCS use
CEACAM6	asthma	Bigler et al. 2016	up	Blood asthma signture, corrected for OCS use
CEACAM8	asthma	Bigler et al. 2016	up	Blood asthma signture, corrected for OCS use
CEBPE	asthma	Bigler et al. 2016	up	Blood asthma signture, corrected for OCS use
CENPBD1	asthma	Bigler et al. 2016	up	Blood asthma signture, corrected for OCS use
CEP350	asthma	Bigler et al. 2016	up	Blood asthma signture, corrected for OCS use
CFLAR	asthma	Bigler et al. 2016	up	Blood asthma signture, corrected for OCS use
CFTR	asthma	Bigler et al. 2016	up	Blood asthma signture, corrected for OCS use
CHD9	asthma	Bigler et al. 2016	up	Blood asthma signture, corrected for OCS use
CHMP3	asthma	Bigler et al. 2016	up	Blood asthma signture, corrected for OCS use
CKLF	asthma	Bigler et al. 2016	up	Blood asthma signture, corrected for OCS use
CLC	asthma	Bigler et al. 2016	up	Blood asthma signture, corrected for OCS use
CMC1	asthma	Bigler et al. 2016	up	Blood asthma signture, corrected for OCS use
CNIH4	asthma	Bigler et al. 2016	up	Blood asthma signture, corrected for OCS use
COX7B	asthma	Bigler et al. 2016	up	Blood asthma signture, corrected for OCS use
CR1	asthma	Bigler et al. 2016	up	Blood asthma signture, corrected for OCS use
CRISP3	asthma	Bigler et al. 2016	up	Blood asthma signture, corrected for OCS use
CTSG	asthma	Bigler et al. 2016	up	Blood asthma signture, corrected for OCS use
CTSS	asthma	Bigler et al. 2016	up	Blood asthma signture, corrected for OCS use
CYP1B1	asthma	Bigler et al. 2016	up	Blood asthma signture, corrected for OCS use
CYP1B1AS1	asthma	Bigler et al. 2016	up	Blood asthma signture, corrected for OCS use
CYP4F12	asthma	Bigler et al. 2016	up	Blood asthma signture, corrected for OCS use
DACH1	asthma	Bigler et al. 2016	up	Blood asthma signture, corrected for OCS use
DAPK2	asthma	Bigler et al. 2016	up	Blood asthma signture, corrected for OCS use
DAPP1	asthma	Bigler et al. 2016	up	Blood asthma signture, corrected for OCS use
DEFA1	asthma	Bigler et al. 2016	up	Blood asthma signture, corrected for OCS use
DEFA4	asthma	Bigler et al. 2016	up	Blood asthma signture, corrected for OCS use
DEFT1P	asthma	Bigler et al. 2016	up	Blood asthma signture, corrected for OCS use
DPH3	asthma	Bigler et al. 2016	up	Blood asthma signture, corrected for OCS use
EEF1A1	asthma	Bigler et al. 2016	up	Blood asthma signture, corrected for OCS use
EID1	asthma	Bigler et al. 2016	up	Blood asthma signture, corrected for OCS use
EVI2B	asthma	Bigler et al. 2016	up	Blood asthma signture, corrected for OCS use
F5	asthma	Bigler et al. 2016	up	Blood asthma signture, corrected for OCS use
FAM120A	asthma	Bigler et al. 2016	up	Blood asthma signture, corrected for OCS use
FAM124B	asthma	Bigler et al. 2016	up	Blood asthma signture, corrected for OCS use
FAM198B	asthma	Bigler et al. 2016	up	Blood asthma signture, corrected for OCS use
FAM217B	asthma	Bigler et al. 2016	up	Blood asthma signture, corrected for OCS use
FGR	asthma	Bigler et al. 2016	up	Blood asthma signture, corrected for OCS use
FTH1P5	asthma	Bigler et al. 2016	up	Blood asthma signture, corrected for OCS use
GAPT	asthma	Bigler et al. 2016	up	Blood asthma signture, corrected for OCS use
GNAQ	asthma	Bigler et al. 2016	up	Blood asthma signture, corrected for OCS use
GPR34	asthma	Bigler et al. 2016	up	Blood asthma signture, corrected for OCS use
H2AFZ	asthma	Bigler et al. 2016	up	Blood asthma signture, corrected for OCS use
HBB	asthma	Bigler et al. 2016	up	Blood asthma signture, corrected for OCS use
HBXIP	asthma	Bigler et al. 2016	up	Blood asthma signture, corrected for OCS use
HCAR3	asthma	Bigler et al. 2016	up	Blood asthma signture, corrected for OCS use
HEBP2	asthma	Bigler et al. 2016	up	Blood asthma signture, corrected for OCS use
HNMT	asthma	Bigler et al. 2016	up	Blood asthma signture, corrected for OCS use
HP	asthma	Bigler et al. 2016	up	Blood asthma signture, corrected for OCS use
HRASLS5	asthma	Bigler et al. 2016	up	Blood asthma signture, corrected for OCS use
HSD3B7	asthma	Bigler et al. 2016	up	Blood asthma signture, corrected for OCS use
IDO1	asthma	Bigler et al. 2016	up	Blood asthma signture, corrected for OCS use
IDS	asthma	Bigler et al. 2016	up	Blood asthma signture, corrected for OCS use
IFNAR1	asthma	Bigler et al. 2016	up	Blood asthma signture, corrected for OCS use
IGHA1	asthma	Bigler et al. 2016	up	Blood asthma signture, corrected for OCS use
IL5RA	asthma	Bigler et al. 2016	up	Blood asthma signture, corrected for OCS use
ITGA2B	asthma	Bigler et al. 2016	up	Blood asthma signture, corrected for OCS use
ITPR2	asthma	Bigler et al. 2016	up	Blood asthma signture, corrected for OCS use
KCNJ15	asthma	Bigler et al. 2016	up	Blood asthma signture, corrected for OCS use
KCTD15	asthma	Bigler et al. 2016	up	Blood asthma signture, corrected for OCS use
KCTD21	asthma	Bigler et al. 2016	up	Blood asthma signture, corrected for OCS use
KIAA0141	asthma	Bigler et al. 2016	up	Blood asthma signture, corrected for OCS use
KIF1B	asthma	Bigler et al. 2016	up	Blood asthma signture, corrected for OCS use
KREMEN1	asthma	Bigler et al. 2016	up	Blood asthma signture, corrected for OCS use
LCN2	asthma	Bigler et al. 2016	up	Blood asthma signture, corrected for OCS use
LGALS12	asthma	Bigler et al. 2016	up	Blood asthma signture, corrected for OCS use
LIN7A	asthma	Bigler et al. 2016	up	Blood asthma signture, corrected for OCS use
LINC00340	asthma	Bigler et al. 2016	up	Blood asthma signture, corrected for OCS use
LINC00525	asthma	Bigler et al. 2016	up	Blood asthma signture, corrected for OCS use
LINC00537	asthma	Bigler et al. 2016	up	Blood asthma signture, corrected for OCS use
LOC100128	asthma	Bigler et al. 2016	up	Blood asthma signture, corrected for OCS use
LOC100507	asthma	Bigler et al. 2016	up	Blood asthma signture, corrected for OCS use
LOC100507	asthma	Bigler et al. 2016	up	Blood asthma signture, corrected for OCS use
LOC100507	asthma	Bigler et al. 2016	up	Blood asthma signture, corrected for OCS use
LOC100509	asthma	Bigler et al. 2016	up	Blood asthma signture, corrected for OCS use
LOC100509	asthma	Bigler et al. 2016	up	Blood asthma signture, corrected for OCS use
LOC100652	asthma	Bigler et al. 2016	up	Blood asthma signture, corrected for OCS use
LOC158402	asthma	Bigler et al. 2016	up	Blood asthma signture, corrected for OCS use
LOC400590	asthma	Bigler et al. 2016	up	Blood asthma signture, corrected for OCS use
LOC440944	asthma	Bigler et al. 2016	up	Blood asthma signture, corrected for OCS use
LPAR1	asthma	Bigler et al. 2016	up	Blood asthma signture, corrected for OCS use
LTF	asthma	Bigler et al. 2016	up	Blood asthma signture, corrected for OCS use
LYST	asthma	Bigler et al. 2016	up	Blood asthma signture, corrected for OCS use
LYZ	asthma	Bigler et al. 2016	up	Blood asthma signture, corrected for OCS use
MAOB	asthma	Bigler et al. 2016	up	Blood asthma signture, corrected for OCS use
MAPK1	asthma	Bigler et al. 2016	up	Blood asthma signture, corrected for OCS use
MBD4	asthma	Bigler et al. 2016	up	Blood asthma signture, corrected for OCS use
MCTP2	asthma	Bigler et al. 2016	up	Blood asthma signture, corrected for OCS use
MCU	asthma	Bigler et al. 2016	up	Blood asthma signture, corrected for OCS use
MMP8	asthma	Bigler et al. 2016	up	Blood asthma signture, corrected for OCS use
MORF4L1	asthma	Bigler et al. 2016	up	Blood asthma signture, corrected for OCS use
MPO	asthma	Bigler et al. 2016	up	Blood asthma signture, corrected for OCS use
MSRB3	asthma	Bigler et al. 2016	up	Blood asthma signture, corrected for OCS use
MYCT1	asthma	Bigler et al. 2016	up	Blood asthma signture, corrected for OCS use
MYD88	asthma	Bigler et al. 2016	up	Blood asthma signture, corrected for OCS use
MYL12A	asthma	Bigler et al. 2016	up	Blood asthma signture, corrected for OCS use
MYL12B	asthma	Bigler et al. 2016	up	Blood asthma signture, corrected for OCS use
MYO5A	asthma	Bigler et al. 2016	up	Blood asthma signture, corrected for OCS use
NBPF10	asthma	Bigler et al. 2016	up	Blood asthma signture, corrected for OCS use
NDFIP2	asthma	Bigler et al. 2016	up	Blood asthma signture, corrected for OCS use
NFIL3	asthma	Bigler et al. 2016	up	Blood asthma signture, corrected for OCS use
NSMAF	asthma	Bigler et al. 2016	up	Blood asthma signture, corrected for OCS use
NT5C2	asthma	Bigler et al. 2016	up	Blood asthma signture, corrected for OCS use
OLFM4	asthma	Bigler et al. 2016	up	Blood asthma signture, corrected for OCS use
OLIG1	asthma	Bigler et al. 2016	up	Blood asthma signture, corrected for OCS use
OLIG2	asthma	Bigler et al. 2016	up	Blood asthma signture, corrected for OCS use
ORM1	asthma	Bigler et al. 2016	up	Blood asthma signture, corrected for OCS use
OSBPL8	asthma	Bigler et al. 2016	up	Blood asthma signture, corrected for OCS use
PALLD	asthma	Bigler et al. 2016	up	Blood asthma signture, corrected for OCS use
PGM2	asthma	Bigler et al. 2016	up	Blood asthma signture, corrected for OCS use
PICALM	asthma	Bigler et al. 2016	up	Blood asthma signture, corrected for OCS use
PIK3R6	asthma	Bigler et al. 2016	up	Blood asthma signture, corrected for OCS use
PLEKHB2	asthma	Bigler et al. 2016	up	Blood asthma signture, corrected for OCS use
PLXNC1	asthma	Bigler et al. 2016	up	Blood asthma signture, corrected for OCS use
PNPLA1	asthma	Bigler et al. 2016	up	Blood asthma signture, corrected for OCS use
PPBP	asthma	Bigler et al. 2016	up	Blood asthma signture, corrected for OCS use
PPCS	asthma	Bigler et al. 2016	up	Blood asthma signture, corrected for OCS use
PPID	asthma	Bigler et al. 2016	up	Blood asthma signture, corrected for OCS use
PPP2CA	asthma	Bigler et al. 2016	up	Blood asthma signture, corrected for OCS use
PPP2R5A	asthma	Bigler et al. 2016	up	Blood asthma signture, corrected for OCS use
PRELID1	asthma	Bigler et al. 2016	up	Blood asthma signture, corrected for OCS use
PRSS33	asthma	Bigler et al. 2016	up	Blood asthma signture, corrected for OCS use
PSMD7	asthma	Bigler et al. 2016	up	Blood asthma signture, corrected for OCS use
PTGDR2	asthma	Bigler et al. 2016	up	Blood asthma signture, corrected for OCS use
PYGL	asthma	Bigler et al. 2016	up	Blood asthma signture, corrected for OCS use
RAB11A	asthma	Bigler et al. 2016	up	Blood asthma signture, corrected for OCS use
RAB32	asthma	Bigler et al. 2016	up	Blood asthma signture, corrected for OCS use
RGS12	asthma	Bigler et al. 2016	up	Blood asthma signture, corrected for OCS use
RHOQ	asthma	Bigler et al. 2016	up	Blood asthma signture, corrected for OCS use
RNASE2	asthma	Bigler et al. 2016	up	Blood asthma signture, corrected for OCS use
RNASE3	asthma	Bigler et al. 2016	up	Blood asthma signture, corrected for OCS use
RNF141	asthma	Bigler et al. 2016	up	Blood asthma signture, corrected for OCS use
RNF182	asthma	Bigler et al. 2016	up	Blood asthma signture, corrected for OCS use
RPS27L	asthma	Bigler et al. 2016	up	Blood asthma signture, corrected for OCS use
RPS6KA3	asthma	Bigler et al. 2016	up	Blood asthma signture, corrected for OCS use
S100A12	asthma	Bigler et al. 2016	up	Blood asthma signture, corrected for OCS use
S100A8	asthma	Bigler et al. 2016	up	Blood asthma signture, corrected for OCS use
SCP2	asthma	Bigler et al. 2016	up	Blood asthma signture, corrected for OCS use
SETX	asthma	Bigler et al. 2016	up	Blood asthma signture, corrected for OCS use
SFN	asthma	Bigler et al. 2016	up	Blood asthma signture, corrected for OCS use
SGMS1	asthma	Bigler et al. 2016	up	Blood asthma signture, corrected for OCS use
SIGLEC8	asthma	Bigler et al. 2016	up	Blood asthma signture, corrected for OCS use
SLC24A3	asthma	Bigler et al. 2016	up	Blood asthma signture, corrected for OCS use
SLC25A20	asthma	Bigler et al. 2016	up	Blood asthma signture, corrected for OCS use
SLC26A8	asthma	Bigler et al. 2016	up	Blood asthma signture, corrected for OCS use
SLC29A1	asthma	Bigler et al. 2016	up	Blood asthma signture, corrected for OCS use
SLPI	asthma	Bigler et al. 2016	up	Blood asthma signture, corrected for OCS use
SMPD3	asthma	Bigler et al. 2016	up	Blood asthma signture, corrected for OCS use
SNORD89	asthma	Bigler et al. 2016	up	Blood asthma signture, corrected for OCS use
SNTB2	asthma	Bigler et al. 2016	up	Blood asthma signture, corrected for OCS use
SOX6	asthma	Bigler et al. 2016	up	Blood asthma signture, corrected for OCS use
SPG11	asthma	Bigler et al. 2016	up	Blood asthma signture, corrected for OCS use
SRGN	asthma	Bigler et al. 2016	up	Blood asthma signture, corrected for OCS use
SSH3	asthma	Bigler et al. 2016	up	Blood asthma signture, corrected for OCS use
STAG1	asthma	Bigler et al. 2016	up	Blood asthma signture, corrected for OCS use
STXBP5	asthma	Bigler et al. 2016	up	Blood asthma signture, corrected for OCS use
SUSD1	asthma	Bigler et al. 2016	up	Blood asthma signture, corrected for OCS use
SYT11	asthma	Bigler et al. 2016	up	Blood asthma signture, corrected for OCS use
TCN1	asthma	Bigler et al. 2016	up	Blood asthma signture, corrected for OCS use
TINF2	asthma	Bigler et al. 2016	up	Blood asthma signture, corrected for OCS use
TMEFF2	asthma	Bigler et al. 2016	up	Blood asthma signture, corrected for OCS use
TMEM176A	asthma	Bigler et al. 2016	up	Blood asthma signture, corrected for OCS use
TMEM189	asthma	Bigler et al. 2016	up	Blood asthma signture, corrected for OCS use
TMEM33	asthma	Bigler et al. 2016	up	Blood asthma signture, corrected for OCS use
TMEM59	asthma	Bigler et al. 2016	up	Blood asthma signture, corrected for OCS use
TNFSF14	asthma	Bigler et al. 2016	up	Blood asthma signture, corrected for OCS use
TPMT	asthma	Bigler et al. 2016	up	Blood asthma signture, corrected for OCS use
TRPM6	asthma	Bigler et al. 2016	up	Blood asthma signture, corrected for OCS use
TSNAX	asthma	Bigler et al. 2016	up	Blood asthma signture, corrected for OCS use
UBE2J1	asthma	Bigler et al. 2016	up	Blood asthma signture, corrected for OCS use
UBL3	asthma	Bigler et al. 2016	up	Blood asthma signture, corrected for OCS use
UBQLN1	asthma	Bigler et al. 2016	up	Blood asthma signture, corrected for OCS use
USP8	asthma	Bigler et al. 2016	up	Blood asthma signture, corrected for OCS use
VSTM1	asthma	Bigler et al. 2016	up	Blood asthma signture, corrected for OCS use
YWHAZ	asthma	Bigler et al. 2016	up	Blood asthma signture, corrected for OCS use
ZNF321P	asthma	Bigler et al. 2016	up	Blood asthma signture, corrected for OCS use
AAK1	asthma	Bigler et al. 2016	down	Blood asthma signture, corrected for OCS use
ABCB4	asthma	Bigler et al. 2016	down	Blood asthma signture, corrected for OCS use
ABLIM1	asthma	Bigler et al. 2016	down	Blood asthma signture, corrected for OCS use
ACAD10	asthma	Bigler et al. 2016	down	Blood asthma signture, corrected for OCS use
ACAT1	asthma	Bigler et al. 2016	down	Blood asthma signture, corrected for OCS use
ADC	asthma	Bigler et al. 2016	down	Blood asthma signture, corrected for OCS use
AGAP4	asthma	Bigler et al. 2016	down	Blood asthma signture, corrected for OCS use
AGMAT	asthma	Bigler et al. 2016	down	Blood asthma signture, corrected for OCS use
AGPAT4	asthma	Bigler et al. 2016	down	Blood asthma signture, corrected for OCS use
AIPL1	asthma	Bigler et al. 2016	down	Blood asthma signture, corrected for OCS use
AKAP13	asthma	Bigler et al. 2016	down	Blood asthma signture, corrected for OCS use
AKAP2	asthma	Bigler et al. 2016	down	Blood asthma signture, corrected for OCS use
AKIRIN1	asthma	Bigler et al. 2016	down	Blood asthma signture, corrected for OCS use
AKT3	asthma	Bigler et al. 2016	down	Blood asthma signture, corrected for OCS use
AMN	asthma	Bigler et al. 2016	down	Blood asthma signture, corrected for OCS use
ANKRD11	asthma	Bigler et al. 2016	down	Blood asthma signture, corrected for OCS use
APBA2	asthma	Bigler et al. 2016	down	Blood asthma signture, corrected for OCS use
APH1A	asthma	Bigler et al. 2016	down	Blood asthma signture, corrected for OCS use
AQP11	asthma	Bigler et al. 2016	down	Blood asthma signture, corrected for OCS use
AQP3	asthma	Bigler et al. 2016	down	Blood asthma signture, corrected for OCS use
ARHGEF7	asthma	Bigler et al. 2016	down	Blood asthma signture, corrected for OCS use
ATAD5	asthma	Bigler et al. 2016	down	Blood asthma signture, corrected for OCS use
ATF7IP2	asthma	Bigler et al. 2016	down	Blood asthma signture, corrected for OCS use
ATXN3	asthma	Bigler et al. 2016	down	Blood asthma signture, corrected for OCS use
AURKAPS1	asthma	Bigler et al. 2016	down	Blood asthma signture, corrected for OCS use
AUTS2	asthma	Bigler et al. 2016	down	Blood asthma signture, corrected for OCS use
AXIN2	asthma	Bigler et al. 2016	down	Blood asthma signture, corrected for OCS use
BACH2	asthma	Bigler et al. 2016	down	Blood asthma signture, corrected for OCS use
BANF1	asthma	Bigler et al. 2016	down	Blood asthma signture, corrected for OCS use
BCL11A	asthma	Bigler et al. 2016	down	Blood asthma signture, corrected for OCS use
BCL7A	asthma	Bigler et al. 2016	down	Blood asthma signture, corrected for OCS use
BICD1	asthma	Bigler et al. 2016	down	Blood asthma signture, corrected for OCS use
BLNK	asthma	Bigler et al. 2016	down	Blood asthma signture, corrected for OCS use
BOLA2	asthma	Bigler et al. 2016	down	Blood asthma signture, corrected for OCS use
C12orf76	asthma	Bigler et al. 2016	down	Blood asthma signture, corrected for OCS use
C14orf64	asthma	Bigler et al. 2016	down	Blood asthma signture, corrected for OCS use
C16orf46	asthma	Bigler et al. 2016	down	Blood asthma signture, corrected for OCS use
C4orf29	asthma	Bigler et al. 2016	down	Blood asthma signture, corrected for OCS use
CACHD1	asthma	Bigler et al. 2016	down	Blood asthma signture, corrected for OCS use
CAMSAP1	asthma	Bigler et al. 2016	down	Blood asthma signture, corrected for OCS use
CAMTA1	asthma	Bigler et al. 2016	down	Blood asthma signture, corrected for OCS use
CAND2	asthma	Bigler et al. 2016	down	Blood asthma signture, corrected for OCS use
CARD11	asthma	Bigler et al. 2016	down	Blood asthma signture, corrected for OCS use
CBFA2T2	asthma	Bigler et al. 2016	down	Blood asthma signture, corrected for OCS use
CBX5	asthma	Bigler et al. 2016	down	Blood asthma signture, corrected for OCS use
CCAR1	asthma	Bigler et al. 2016	down	Blood asthma signture, corrected for OCS use
CCDC50	asthma	Bigler et al. 2016	down	Blood asthma signture, corrected for OCS use
CCNL2	asthma	Bigler et al. 2016	down	Blood asthma signture, corrected for OCS use
CCR6	asthma	Bigler et al. 2016	down	Blood asthma signture, corrected for OCS use
CCT5	asthma	Bigler et al. 2016	down	Blood asthma signture, corrected for OCS use
CD27	asthma	Bigler et al. 2016	down	Blood asthma signture, corrected for OCS use
CEP41	asthma	Bigler et al. 2016	down	Blood asthma signture, corrected for OCS use
CHD1L	asthma	Bigler et al. 2016	down	Blood asthma signture, corrected for OCS use
CHD2	asthma	Bigler et al. 2016	down	Blood asthma signture, corrected for OCS use
CIRH1A	asthma	Bigler et al. 2016	down	Blood asthma signture, corrected for OCS use
CLDN23	asthma	Bigler et al. 2016	down	Blood asthma signture, corrected for OCS use
CLN8	asthma	Bigler et al. 2016	down	Blood asthma signture, corrected for OCS use
CNOT4	asthma	Bigler et al. 2016	down	Blood asthma signture, corrected for OCS use
CNOT7	asthma	Bigler et al. 2016	down	Blood asthma signture, corrected for OCS use
CNTN1	asthma	Bigler et al. 2016	down	Blood asthma signture, corrected for OCS use
COBLL1	asthma	Bigler et al. 2016	down	Blood asthma signture, corrected for OCS use
COCH	asthma	Bigler et al. 2016	down	Blood asthma signture, corrected for OCS use
COL4A3	asthma	Bigler et al. 2016	down	Blood asthma signture, corrected for OCS use
COPG2IT1	asthma	Bigler et al. 2016	down	Blood asthma signture, corrected for OCS use
COX18	asthma	Bigler et al. 2016	down	Blood asthma signture, corrected for OCS use
CSPP1	asthma	Bigler et al. 2016	down	Blood asthma signture, corrected for OCS use
CSTF3	asthma	Bigler et al. 2016	down	Blood asthma signture, corrected for OCS use
CTNNB1	asthma	Bigler et al. 2016	down	Blood asthma signture, corrected for OCS use
CUX2	asthma	Bigler et al. 2016	down	Blood asthma signture, corrected for OCS use
CWF19L2	asthma	Bigler et al. 2016	down	Blood asthma signture, corrected for OCS use
CXCR7	asthma	Bigler et al. 2016	down	Blood asthma signture, corrected for OCS use
CYP2B6	asthma	Bigler et al. 2016	down	Blood asthma signture, corrected for OCS use
DCAF8	asthma	Bigler et al. 2016	down	Blood asthma signture, corrected for OCS use
DENR	asthma	Bigler et al. 2016	down	Blood asthma signture, corrected for OCS use
DERL2	asthma	Bigler et al. 2016	down	Blood asthma signture, corrected for OCS use
DHX30	asthma	Bigler et al. 2016	down	Blood asthma signture, corrected for OCS use
DIS3L2	asthma	Bigler et al. 2016	down	Blood asthma signture, corrected for OCS use
DNAJC16	asthma	Bigler et al. 2016	down	Blood asthma signture, corrected for OCS use
DPP4	asthma	Bigler et al. 2016	down	Blood asthma signture, corrected for OCS use
DTWD1	asthma	Bigler et al. 2016	down	Blood asthma signture, corrected for OCS use
EBF1	asthma	Bigler et al. 2016	down	Blood asthma signture, corrected for OCS use
ELP2	asthma	Bigler et al. 2016	down	Blood asthma signture, corrected for OCS use
ENAM	asthma	Bigler et al. 2016	down	Blood asthma signture, corrected for OCS use
EPPK1	asthma	Bigler et al. 2016	down	Blood asthma signture, corrected for OCS use
EPT1	asthma	Bigler et al. 2016	down	Blood asthma signture, corrected for OCS use
ETS1	asthma	Bigler et al. 2016	down	Blood asthma signture, corrected for OCS use
EVL	asthma	Bigler et al. 2016	down	Blood asthma signture, corrected for OCS use
EXOSC9	asthma	Bigler et al. 2016	down	Blood asthma signture, corrected for OCS use
FAM122A	asthma	Bigler et al. 2016	down	Blood asthma signture, corrected for OCS use
FAM165B	asthma	Bigler et al. 2016	down	Blood asthma signture, corrected for OCS use
FAM171A1	asthma	Bigler et al. 2016	down	Blood asthma signture, corrected for OCS use
FAM192A	asthma	Bigler et al. 2016	down	Blood asthma signture, corrected for OCS use
FAM213A	asthma	Bigler et al. 2016	down	Blood asthma signture, corrected for OCS use
FAM226B	asthma	Bigler et al. 2016	down	Blood asthma signture, corrected for OCS use
FAM60A	asthma	Bigler et al. 2016	down	Blood asthma signture, corrected for OCS use
FBXO21	asthma	Bigler et al. 2016	down	Blood asthma signture, corrected for OCS use
FGD2	asthma	Bigler et al. 2016	down	Blood asthma signture, corrected for OCS use
FLJ10038	asthma	Bigler et al. 2016	down	Blood asthma signture, corrected for OCS use
FLJ33630	asthma	Bigler et al. 2016	down	Blood asthma signture, corrected for OCS use
FOXK1	asthma	Bigler et al. 2016	down	Blood asthma signture, corrected for OCS use
FSCN1	asthma	Bigler et al. 2016	down	Blood asthma signture, corrected for OCS use
FUS	asthma	Bigler et al. 2016	down	Blood asthma signture, corrected for OCS use
GAL3ST4	asthma	Bigler et al. 2016	down	Blood asthma signture, corrected for OCS use
GAR1	asthma	Bigler et al. 2016	down	Blood asthma signture, corrected for OCS use
GART	asthma	Bigler et al. 2016	down	Blood asthma signture, corrected for OCS use
GCOM1	asthma	Bigler et al. 2016	down	Blood asthma signture, corrected for OCS use
GKAP1	asthma	Bigler et al. 2016	down	Blood asthma signture, corrected for OCS use
GNAS	asthma	Bigler et al. 2016	down	Blood asthma signture, corrected for OCS use
GPM6B	asthma	Bigler et al. 2016	down	Blood asthma signture, corrected for OCS use
GPR157	asthma	Bigler et al. 2016	down	Blood asthma signture, corrected for OCS use
GSX1	asthma	Bigler et al. 2016	down	Blood asthma signture, corrected for OCS use
GTF2H1	asthma	Bigler et al. 2016	down	Blood asthma signture, corrected for OCS use
HEATR1	asthma	Bigler et al. 2016	down	Blood asthma signture, corrected for OCS use
HNRNPD	asthma	Bigler et al. 2016	down	Blood asthma signture, corrected for OCS use
HSPG2	asthma	Bigler et al. 2016	down	Blood asthma signture, corrected for OCS use
HSPH1	asthma	Bigler et al. 2016	down	Blood asthma signture, corrected for OCS use
IGK@	asthma	Bigler et al. 2016	down	Blood asthma signture, corrected for OCS use
IKZF1	asthma	Bigler et al. 2016	down	Blood asthma signture, corrected for OCS use
IL28RA	asthma	Bigler et al. 2016	down	Blood asthma signture, corrected for OCS use
IL6ST	asthma	Bigler et al. 2016	down	Blood asthma signture, corrected for OCS use
IREB2	asthma	Bigler et al. 2016	down	Blood asthma signture, corrected for OCS use
KCMF1	asthma	Bigler et al. 2016	down	Blood asthma signture, corrected for OCS use
KCTD6	asthma	Bigler et al. 2016	down	Blood asthma signture, corrected for OCS use
KDELR2	asthma	Bigler et al. 2016	down	Blood asthma signture, corrected for OCS use
KDM4B	asthma	Bigler et al. 2016	down	Blood asthma signture, corrected for OCS use
KDSR	asthma	Bigler et al. 2016	down	Blood asthma signture, corrected for OCS use
KIAA0355	asthma	Bigler et al. 2016	down	Blood asthma signture, corrected for OCS use
KIAA0368	asthma	Bigler et al. 2016	down	Blood asthma signture, corrected for OCS use
KIAA0494	asthma	Bigler et al. 2016	down	Blood asthma signture, corrected for OCS use
KLHL26	asthma	Bigler et al. 2016	down	Blood asthma signture, corrected for OCS use
KLHL28	asthma	Bigler et al. 2016	down	Blood asthma signture, corrected for OCS use
KTN1	asthma	Bigler et al. 2016	down	Blood asthma signture, corrected for OCS use
LARS	asthma	Bigler et al. 2016	down	Blood asthma signture, corrected for OCS use
LEF1	asthma	Bigler et al. 2016	down	Blood asthma signture, corrected for OCS use
LEF1-AS1	asthma	Bigler et al. 2016	down	Blood asthma signture, corrected for OCS use
LEPROTL1	asthma	Bigler et al. 2016	down	Blood asthma signture, corrected for OCS use
LILRA4	asthma	Bigler et al. 2016	down	Blood asthma signture, corrected for OCS use
LIMS2	asthma	Bigler et al. 2016	down	Blood asthma signture, corrected for OCS use
LMLN	asthma	Bigler et al. 2016	down	Blood asthma signture, corrected for OCS use
LMO7	asthma	Bigler et al. 2016	down	Blood asthma signture, corrected for OCS use
LOC100132	asthma	Bigler et al. 2016	down	Blood asthma signture, corrected for OCS use
LOC100190	asthma	Bigler et al. 2016	down	Blood asthma signture, corrected for OCS use
LOC100271	asthma	Bigler et al. 2016	down	Blood asthma signture, corrected for OCS use
LOC100291	asthma	Bigler et al. 2016	down	Blood asthma signture, corrected for OCS use
LOC100505	asthma	Bigler et al. 2016	down	Blood asthma signture, corrected for OCS use
LOC100507	asthma	Bigler et al. 2016	down	Blood asthma signture, corrected for OCS use
LOC100653	asthma	Bigler et al. 2016	down	Blood asthma signture, corrected for OCS use
LOC285033	asthma	Bigler et al. 2016	down	Blood asthma signture, corrected for OCS use
LOC389834	asthma	Bigler et al. 2016	down	Blood asthma signture, corrected for OCS use
LOC440434	asthma	Bigler et al. 2016	down	Blood asthma signture, corrected for OCS use
LRPPRC	asthma	Bigler et al. 2016	down	Blood asthma signture, corrected for OCS use
LRRN3	asthma	Bigler et al. 2016	down	Blood asthma signture, corrected for OCS use
LUC7L	asthma	Bigler et al. 2016	down	Blood asthma signture, corrected for OCS use
LUC7L3	asthma	Bigler et al. 2016	down	Blood asthma signture, corrected for OCS use
MAN1C1	asthma	Bigler et al. 2016	down	Blood asthma signture, corrected for OCS use
MAP2K5	asthma	Bigler et al. 2016	down	Blood asthma signture, corrected for OCS use
MAP2K6	asthma	Bigler et al. 2016	down	Blood asthma signture, corrected for OCS use
MAP3K13	asthma	Bigler et al. 2016	down	Blood asthma signture, corrected for OCS use
MAP4K4	asthma	Bigler et al. 2016	down	Blood asthma signture, corrected for OCS use
MB	asthma	Bigler et al. 2016	down	Blood asthma signture, corrected for OCS use
MBNL2	asthma	Bigler et al. 2016	down	Blood asthma signture, corrected for OCS use
METAP1D	asthma	Bigler et al. 2016	down	Blood asthma signture, corrected for OCS use
METTL6	asthma	Bigler et al. 2016	down	Blood asthma signture, corrected for OCS use
MIR1204	asthma	Bigler et al. 2016	down	Blood asthma signture, corrected for OCS use
MORC4	asthma	Bigler et al. 2016	down	Blood asthma signture, corrected for OCS use
MPRIP	asthma	Bigler et al. 2016	down	Blood asthma signture, corrected for OCS use
MRPL49	asthma	Bigler et al. 2016	down	Blood asthma signture, corrected for OCS use
MRPS5	asthma	Bigler et al. 2016	down	Blood asthma signture, corrected for OCS use
MS4A1	asthma	Bigler et al. 2016	down	Blood asthma signture, corrected for OCS use
MSI2	asthma	Bigler et al. 2016	down	Blood asthma signture, corrected for OCS use
MTMR1	asthma	Bigler et al. 2016	down	Blood asthma signture, corrected for OCS use
MTUS1	asthma	Bigler et al. 2016	down	Blood asthma signture, corrected for OCS use
MUM1	asthma	Bigler et al. 2016	down	Blood asthma signture, corrected for OCS use
NAA25	asthma	Bigler et al. 2016	down	Blood asthma signture, corrected for OCS use
NAF1	asthma	Bigler et al. 2016	down	Blood asthma signture, corrected for OCS use
NAPEPLD	asthma	Bigler et al. 2016	down	Blood asthma signture, corrected for OCS use
NASP	asthma	Bigler et al. 2016	down	Blood asthma signture, corrected for OCS use
NDFIP1	asthma	Bigler et al. 2016	down	Blood asthma signture, corrected for OCS use
NEK1	asthma	Bigler et al. 2016	down	Blood asthma signture, corrected for OCS use
NGDN	asthma	Bigler et al. 2016	down	Blood asthma signture, corrected for OCS use
NMNAT3	asthma	Bigler et al. 2016	down	Blood asthma signture, corrected for OCS use
NOG	asthma	Bigler et al. 2016	down	Blood asthma signture, corrected for OCS use
NONO	asthma	Bigler et al. 2016	down	Blood asthma signture, corrected for OCS use
NOP14	asthma	Bigler et al. 2016	down	Blood asthma signture, corrected for OCS use
NOP14-AS1	asthma	Bigler et al. 2016	down	Blood asthma signture, corrected for OCS use
NPIPL3	asthma	Bigler et al. 2016	down	Blood asthma signture, corrected for OCS use
NR2E3	asthma	Bigler et al. 2016	down	Blood asthma signture, corrected for OCS use
NRCAM	asthma	Bigler et al. 2016	down	Blood asthma signture, corrected for OCS use
NSUN6	asthma	Bigler et al. 2016	down	Blood asthma signture, corrected for OCS use
NUP62	asthma	Bigler et al. 2016	down	Blood asthma signture, corrected for OCS use
NXPE3	asthma	Bigler et al. 2016	down	Blood asthma signture, corrected for OCS use
OPN3	asthma	Bigler et al. 2016	down	Blood asthma signture, corrected for OCS use
OR8G2	asthma	Bigler et al. 2016	down	Blood asthma signture, corrected for OCS use
OXNAD1	asthma	Bigler et al. 2016	down	Blood asthma signture, corrected for OCS use
PATZ1	asthma	Bigler et al. 2016	down	Blood asthma signture, corrected for OCS use
PAX5	asthma	Bigler et al. 2016	down	Blood asthma signture, corrected for OCS use
PCBP2	asthma	Bigler et al. 2016	down	Blood asthma signture, corrected for OCS use
PCCB	asthma	Bigler et al. 2016	down	Blood asthma signture, corrected for OCS use
PCNP	asthma	Bigler et al. 2016	down	Blood asthma signture, corrected for OCS use
PCSK7	asthma	Bigler et al. 2016	down	Blood asthma signture, corrected for OCS use
PDE7A	asthma	Bigler et al. 2016	down	Blood asthma signture, corrected for OCS use
PDSS1	asthma	Bigler et al. 2016	down	Blood asthma signture, corrected for OCS use
PEX3	asthma	Bigler et al. 2016	down	Blood asthma signture, corrected for OCS use
PHF20	asthma	Bigler et al. 2016	down	Blood asthma signture, corrected for OCS use
PIK3IP1	asthma	Bigler et al. 2016	down	Blood asthma signture, corrected for OCS use
PLEKHA1	asthma	Bigler et al. 2016	down	Blood asthma signture, corrected for OCS use
PMS2L2	asthma	Bigler et al. 2016	down	Blood asthma signture, corrected for OCS use
PNISR	asthma	Bigler et al. 2016	down	Blood asthma signture, corrected for OCS use
POLR3A	asthma	Bigler et al. 2016	down	Blood asthma signture, corrected for OCS use
POU6F1	asthma	Bigler et al. 2016	down	Blood asthma signture, corrected for OCS use
PPM1K	asthma	Bigler et al. 2016	down	Blood asthma signture, corrected for OCS use
PRKRA	asthma	Bigler et al. 2016	down	Blood asthma signture, corrected for OCS use
PRKXP1	asthma	Bigler et al. 2016	down	Blood asthma signture, corrected for OCS use
PRPF31	asthma	Bigler et al. 2016	down	Blood asthma signture, corrected for OCS use
PSMB4	asthma	Bigler et al. 2016	down	Blood asthma signture, corrected for OCS use
PSMG4	asthma	Bigler et al. 2016	down	Blood asthma signture, corrected for OCS use
PSPC1	asthma	Bigler et al. 2016	down	Blood asthma signture, corrected for OCS use
PTBP1	asthma	Bigler et al. 2016	down	Blood asthma signture, corrected for OCS use
PTCD2	asthma	Bigler et al. 2016	down	Blood asthma signture, corrected for OCS use
PTPLAD1	asthma	Bigler et al. 2016	down	Blood asthma signture, corrected for OCS use
PTPRK	asthma	Bigler et al. 2016	down	Blood asthma signture, corrected for OCS use
QRICH1	asthma	Bigler et al. 2016	down	Blood asthma signture, corrected for OCS use
R3HDM2	asthma	Bigler et al. 2016	down	Blood asthma signture, corrected for OCS use
RAB11FIP3	asthma	Bigler et al. 2016	down	Blood asthma signture, corrected for OCS use
RAB30	asthma	Bigler et al. 2016	down	Blood asthma signture, corrected for OCS use
RAB3GAP1	asthma	Bigler et al. 2016	down	Blood asthma signture, corrected for OCS use
RAD52	asthma	Bigler et al. 2016	down	Blood asthma signture, corrected for OCS use
RALGAPA1	asthma	Bigler et al. 2016	down	Blood asthma signture, corrected for OCS use
RARG	asthma	Bigler et al. 2016	down	Blood asthma signture, corrected for OCS use
RARRES1	asthma	Bigler et al. 2016	down	Blood asthma signture, corrected for OCS use
RBM17	asthma	Bigler et al. 2016	down	Blood asthma signture, corrected for OCS use
RBM19	asthma	Bigler et al. 2016	down	Blood asthma signture, corrected for OCS use
RBM25	asthma	Bigler et al. 2016	down	Blood asthma signture, corrected for OCS use
RBM4	asthma	Bigler et al. 2016	down	Blood asthma signture, corrected for OCS use
RBM5	asthma	Bigler et al. 2016	down	Blood asthma signture, corrected for OCS use
RBMX2	asthma	Bigler et al. 2016	down	Blood asthma signture, corrected for OCS use
RCAN3	asthma	Bigler et al. 2016	down	Blood asthma signture, corrected for OCS use
RCL1	asthma	Bigler et al. 2016	down	Blood asthma signture, corrected for OCS use
RCN1	asthma	Bigler et al. 2016	down	Blood asthma signture, corrected for OCS use
RGS10	asthma	Bigler et al. 2016	down	Blood asthma signture, corrected for OCS use
RHPN2	asthma	Bigler et al. 2016	down	Blood asthma signture, corrected for OCS use
RIMKLB	asthma	Bigler et al. 2016	down	Blood asthma signture, corrected for OCS use
RIPK4	asthma	Bigler et al. 2016	down	Blood asthma signture, corrected for OCS use
RNF115	asthma	Bigler et al. 2016	down	Blood asthma signture, corrected for OCS use
RNPC3	asthma	Bigler et al. 2016	down	Blood asthma signture, corrected for OCS use
RPL22	asthma	Bigler et al. 2016	down	Blood asthma signture, corrected for OCS use
RPP14	asthma	Bigler et al. 2016	down	Blood asthma signture, corrected for OCS use
SCML1	asthma	Bigler et al. 2016	down	Blood asthma signture, corrected for OCS use
SDC2	asthma	Bigler et al. 2016	down	Blood asthma signture, corrected for OCS use
SDK2	asthma	Bigler et al. 2016	down	Blood asthma signture, corrected for OCS use
SERBP1	asthma	Bigler et al. 2016	down	Blood asthma signture, corrected for OCS use
SERPINB9	asthma	Bigler et al. 2016	down	Blood asthma signture, corrected for OCS use
SFPQ	asthma	Bigler et al. 2016	down	Blood asthma signture, corrected for OCS use
SFRP5	asthma	Bigler et al. 2016	down	Blood asthma signture, corrected for OCS use
SFSWAP	asthma	Bigler et al. 2016	down	Blood asthma signture, corrected for OCS use
SFXN4	asthma	Bigler et al. 2016	down	Blood asthma signture, corrected for OCS use
SHMT2	asthma	Bigler et al. 2016	down	Blood asthma signture, corrected for OCS use
SIKE1	asthma	Bigler et al. 2016	down	Blood asthma signture, corrected for OCS use
SIM2	asthma	Bigler et al. 2016	down	Blood asthma signture, corrected for OCS use
SLC11A2	asthma	Bigler et al. 2016	down	Blood asthma signture, corrected for OCS use
SLC16A10	asthma	Bigler et al. 2016	down	Blood asthma signture, corrected for OCS use
SLC16A7	asthma	Bigler et al. 2016	down	Blood asthma signture, corrected for OCS use
SLC25A14	asthma	Bigler et al. 2016	down	Blood asthma signture, corrected for OCS use
SLC35A2	asthma	Bigler et al. 2016	down	Blood asthma signture, corrected for OCS use
SLC35E1	asthma	Bigler et al. 2016	down	Blood asthma signture, corrected for OCS use
SLC38A10	asthma	Bigler et al. 2016	down	Blood asthma signture, corrected for OCS use
SLFN5	asthma	Bigler et al. 2016	down	Blood asthma signture, corrected for OCS use
SLFNL1	asthma	Bigler et al. 2016	down	Blood asthma signture, corrected for OCS use
SMCHD1	asthma	Bigler et al. 2016	down	Blood asthma signture, corrected for OCS use
SMU1	asthma	Bigler et al. 2016	down	Blood asthma signture, corrected for OCS use
SNHG12	asthma	Bigler et al. 2016	down	Blood asthma signture, corrected for OCS use
SNX19	asthma	Bigler et al. 2016	down	Blood asthma signture, corrected for OCS use
SOX7	asthma	Bigler et al. 2016	down	Blood asthma signture, corrected for OCS use
SP140L	asthma	Bigler et al. 2016	down	Blood asthma signture, corrected for OCS use
SPAG8	asthma	Bigler et al. 2016	down	Blood asthma signture, corrected for OCS use
SPATS2	asthma	Bigler et al. 2016	down	Blood asthma signture, corrected for OCS use
SPG7	asthma	Bigler et al. 2016	down	Blood asthma signture, corrected for OCS use
SPIB	asthma	Bigler et al. 2016	down	Blood asthma signture, corrected for OCS use
SRGAP2	asthma	Bigler et al. 2016	down	Blood asthma signture, corrected for OCS use
SRRM2	asthma	Bigler et al. 2016	down	Blood asthma signture, corrected for OCS use
SRSF1	asthma	Bigler et al. 2016	down	Blood asthma signture, corrected for OCS use
SRSF5	asthma	Bigler et al. 2016	down	Blood asthma signture, corrected for OCS use
STK35	asthma	Bigler et al. 2016	down	Blood asthma signture, corrected for OCS use
STRBP	asthma	Bigler et al. 2016	down	Blood asthma signture, corrected for OCS use
SUGP2	asthma	Bigler et al. 2016	down	Blood asthma signture, corrected for OCS use
SYNPO	asthma	Bigler et al. 2016	down	Blood asthma signture, corrected for OCS use
TAF15	asthma	Bigler et al. 2016	down	Blood asthma signture, corrected for OCS use
TAF4B	asthma	Bigler et al. 2016	down	Blood asthma signture, corrected for OCS use
TARSL2	asthma	Bigler et al. 2016	down	Blood asthma signture, corrected for OCS use
TBP	asthma	Bigler et al. 2016	down	Blood asthma signture, corrected for OCS use
TCF20	asthma	Bigler et al. 2016	down	Blood asthma signture, corrected for OCS use
TCF3	asthma	Bigler et al. 2016	down	Blood asthma signture, corrected for OCS use
TCF4	asthma	Bigler et al. 2016	down	Blood asthma signture, corrected for OCS use
TERF1	asthma	Bigler et al. 2016	down	Blood asthma signture, corrected for OCS use
TEX10	asthma	Bigler et al. 2016	down	Blood asthma signture, corrected for OCS use
TGFBR1	asthma	Bigler et al. 2016	down	Blood asthma signture, corrected for OCS use
TGIF2	asthma	Bigler et al. 2016	down	Blood asthma signture, corrected for OCS use
THRAP3	asthma	Bigler et al. 2016	down	Blood asthma signture, corrected for OCS use
TMEM101	asthma	Bigler et al. 2016	down	Blood asthma signture, corrected for OCS use
TMEM111	asthma	Bigler et al. 2016	down	Blood asthma signture, corrected for OCS use
TMEM63A	asthma	Bigler et al. 2016	down	Blood asthma signture, corrected for OCS use
TMEM67	asthma	Bigler et al. 2016	down	Blood asthma signture, corrected for OCS use
TMEM97	asthma	Bigler et al. 2016	down	Blood asthma signture, corrected for OCS use
TNFRSF21	asthma	Bigler et al. 2016	down	Blood asthma signture, corrected for OCS use
TNPO1	asthma	Bigler et al. 2016	down	Blood asthma signture, corrected for OCS use
TNRC6A	asthma	Bigler et al. 2016	down	Blood asthma signture, corrected for OCS use
TNRC6B	asthma	Bigler et al. 2016	down	Blood asthma signture, corrected for OCS use
TOX4	asthma	Bigler et al. 2016	down	Blood asthma signture, corrected for OCS use
TRIB2	asthma	Bigler et al. 2016	down	Blood asthma signture, corrected for OCS use
TRIT1	asthma	Bigler et al. 2016	down	Blood asthma signture, corrected for OCS use
TSPAN13	asthma	Bigler et al. 2016	down	Blood asthma signture, corrected for OCS use
TSPAN3	asthma	Bigler et al. 2016	down	Blood asthma signture, corrected for OCS use
TSR2	asthma	Bigler et al. 2016	down	Blood asthma signture, corrected for OCS use
TTN	asthma	Bigler et al. 2016	down	Blood asthma signture, corrected for OCS use
TUBE1	asthma	Bigler et al. 2016	down	Blood asthma signture, corrected for OCS use
TXLNG	asthma	Bigler et al. 2016	down	Blood asthma signture, corrected for OCS use
U2SURP	asthma	Bigler et al. 2016	down	Blood asthma signture, corrected for OCS use
UBE3B	asthma	Bigler et al. 2016	down	Blood asthma signture, corrected for OCS use
UBE3D	asthma	Bigler et al. 2016	down	Blood asthma signture, corrected for OCS use
UCHL5	asthma	Bigler et al. 2016	down	Blood asthma signture, corrected for OCS use
UGP2	asthma	Bigler et al. 2016	down	Blood asthma signture, corrected for OCS use
UNKL	asthma	Bigler et al. 2016	down	Blood asthma signture, corrected for OCS use
URB1	asthma	Bigler et al. 2016	down	Blood asthma signture, corrected for OCS use
USP34	asthma	Bigler et al. 2016	down	Blood asthma signture, corrected for OCS use
VAV2	asthma	Bigler et al. 2016	down	Blood asthma signture, corrected for OCS use
WIPI2	asthma	Bigler et al. 2016	down	Blood asthma signture, corrected for OCS use
XBP1	asthma	Bigler et al. 2016	down	Blood asthma signture, corrected for OCS use
YME1L1	asthma	Bigler et al. 2016	down	Blood asthma signture, corrected for OCS use
YTHDC1	asthma	Bigler et al. 2016	down	Blood asthma signture, corrected for OCS use
ZBTB20	asthma	Bigler et al. 2016	down	Blood asthma signture, corrected for OCS use
ZBTB4	asthma	Bigler et al. 2016	down	Blood asthma signture, corrected for OCS use
ZBTB43	asthma	Bigler et al. 2016	down	Blood asthma signture, corrected for OCS use
ZBTB44	asthma	Bigler et al. 2016	down	Blood asthma signture, corrected for OCS use
ZCCHC2	asthma	Bigler et al. 2016	down	Blood asthma signture, corrected for OCS use
ZDHHC14	asthma	Bigler et al. 2016	down	Blood asthma signture, corrected for OCS use
ZDHHC21	asthma	Bigler et al. 2016	down	Blood asthma signture, corrected for OCS use
ZFAND6	asthma	Bigler et al. 2016	down	Blood asthma signture, corrected for OCS use
ZFP112	asthma	Bigler et al. 2016	down	Blood asthma signture, corrected for OCS use
ZMYM2	asthma	Bigler et al. 2016	down	Blood asthma signture, corrected for OCS use
ZMYM6	asthma	Bigler et al. 2016	down	Blood asthma signture, corrected for OCS use
ZMYND8	asthma	Bigler et al. 2016	down	Blood asthma signture, corrected for OCS use
ZNF141	asthma	Bigler et al. 2016	down	Blood asthma signture, corrected for OCS use
ZNF202	asthma	Bigler et al. 2016	down	Blood asthma signture, corrected for OCS use
ZNF212	asthma	Bigler et al. 2016	down	Blood asthma signture, corrected for OCS use
ZNF224	asthma	Bigler et al. 2016	down	Blood asthma signture, corrected for OCS use
ZNF275	asthma	Bigler et al. 2016	down	Blood asthma signture, corrected for OCS use
ZNF330	asthma	Bigler et al. 2016	down	Blood asthma signture, corrected for OCS use
ZNF37A	asthma	Bigler et al. 2016	down	Blood asthma signture, corrected for OCS use
ZNF493	asthma	Bigler et al. 2016	down	Blood asthma signture, corrected for OCS use
ZNF496	asthma	Bigler et al. 2016	down	Blood asthma signture, corrected for OCS use
ZNF498	asthma	Bigler et al. 2016	down	Blood asthma signture, corrected for OCS use
ZNF562	asthma	Bigler et al. 2016	down	Blood asthma signture, corrected for OCS use
ZNF587	asthma	Bigler et al. 2016	down	Blood asthma signture, corrected for OCS use
ZNF662	asthma	Bigler et al. 2016	down	Blood asthma signture, corrected for OCS use
ZNF747	asthma	Bigler et al. 2016	down	Blood asthma signture, corrected for OCS use
ZNF785	asthma	Bigler et al. 2016	down	Blood asthma signture, corrected for OCS use
ZNF830	asthma	Bigler et al. 2016	down	Blood asthma signture, corrected for OCS use
